זמן התרעה מקדימה,התרעה מקדימה - טקסט מלא,סטטוס עבור הרצליה,זמן אזעקה בפועל,זמן היערכות (דקות)
2026-02-28 12:28:59,"מבזק פיקוד העורף - התרעה מקדימה  (28/02/2026 12:28)  בעקבות זיהוי שיגורים, בדקות הקרובות צפויות להתקבל התרעות באזורים מערב הנגב, עוטף עזה, מרכז הנגב, יהודה, דרום הנגב, ערבה, ים המלח, מערב לכיש, לכיש, שפלת יהודה, דן, ירקון, השפלה, שרון, שומרון, בקעה לרשימת הישובים המלאה  צופר - צבע אדום",אמת (צבע אדום הופעל),2026-02-28 12:35:58,7.0
2026-02-28 13:05:36,"מבזק פיקוד העורף - התרעה מקדימה  (28/02/2026 13:05)  בעקבות זיהוי שיגורים, בדקות הקרובות צפויות להתקבל התרעות באזורים מערב לכיש, לכיש, שפלת יהודה, יהודה, דן, ירקון, השפלה, שרון, שומרון, בקעה, ירושלים, מערב הנגב, עוטף עזה, מרכז הנגב לרשימת הישובים המלאה  צופר - צבע אדום",אמת (צבע אדום הופעל),2026-02-28 13:13:14,7.6
2026-02-28 13:05:37,"מבזק פיקוד העורף - התרעה מקדימה  (28/02/2026 13:05)  בעקבות זיהוי שיגורים, בדקות הקרובות צפויות להתקבל התרעות באזורים מערב לכיש, לכיש, שפלת יהודה, יהודה, דן, ירקון, השפלה, שרון, שומרון, בקעה, ירושלים, מערב הנגב, עוטף עזה, מרכז הנגב, ערבה, ים המלח, דרום הנגב לרשימת הישובים המלאה  צופר - צבע אדום",אמת (צבע אדום הופעל),2026-02-28 13:13:14,7.6
2026-02-28 14:36:44,"מבזק פיקוד העורף - התרעה מקדימה  (28/02/2026 14:36)  בעקבות זיהוי שיגורים, בדקות הקרובות צפויות להתקבל התרעות באזורים מערב לכיש, לכיש, יהודה, שפלת יהודה, שרון, דן, ירקון, השפלה, שומרון, בקעה, ירושלים לרשימת הישובים המלאה  צופר - צבע אדום",אמת (צבע אדום הופעל),2026-02-28 14:43:13,6.5
2026-02-28 15:44:16,"מבזק פיקוד העורף - התרעה מקדימה  (28/02/2026 15:44)  בעקבות זיהוי שיגורים, בדקות הקרובות צפויות להתקבל התרעות באזורים מערב לכיש, לכיש, שפלת יהודה, יהודה, דן, ירקון, השפלה, שרון, שומרון, בקעה לרשימת הישובים המלאה  צופר - צבע אדום",אמת (צבע אדום הופעל),2026-02-28 15:51:57,7.7
2026-02-28 16:27:53,"מבזק פיקוד העורף - התרעה מקדימה  (28/02/2026 16:27)  בעקבות זיהוי שיגורים, בדקות הקרובות צפויות להתקבל התרעות באזורים מערב לכיש, לכיש, שפלת יהודה, יהודה, דן, ירקון, השפלה, שרון, שומרון, בקעה לרשימת הישובים המלאה  צופר - צבע אדום",אמת (צבע אדום הופעל),2026-02-28 16:34:35,6.7
2026-02-28 16:48:27,"מבזק פיקוד העורף - התרעה מקדימה  (28/02/2026 16:48)  בעקבות זיהוי שיגורים, בדקות הקרובות צפויות להתקבל התרעות באזורים מערב לכיש, לכיש, יהודה, שפלת יהודה, דן, ירקון, השפלה, שרון, שומרון, בקעה לרשימת הישובים המלאה  צופר - צבע אדום",אמת (צבע אדום הופעל),2026-02-28 17:14:26,26.0
2026-02-28 17:32:55,"מבזק פיקוד העורף - התרעה מקדימה  (28/02/2026 17:32)  בעקבות זיהוי שיגורים, בדקות הקרובות צפויות להתקבל התרעות באזורים מערב לכיש, לכיש, שפלת יהודה, יהודה, שרון, דן, ירקון, השפלה, שומרון, בקעה, בקעת בית שאן, העמקים, גליל עליון, מרכז הגליל, קו העימות, המפרץ, מנשה, ואדי ערה, הכרמל, צפון הגולן, דרום הגולן, גליל תחתון לרשימת הישובים המלאה  צופר - צבע אדום",אמת (צבע אדום הופעל),2026-02-28 17:37:23,4.5
2026-02-28 19:18:25,"מבזק פיקוד העורף - התרעה מקדימה  (28/02/2026 19:18)  בעקבות זיהוי שיגורים, בדקות הקרובות צפויות להתקבל התרעות באזורים מערב לכיש, לכיש, שפלת יהודה, יהודה, שרון, דן, השפלה, ירקון, בקעה, שומרון לרשימת הישובים המלאה  צופר - צבע אדום",אמת (צבע אדום הופעל),2026-02-28 19:25:35,7.2
2026-02-28 22:35:26,"מבזק פיקוד העורף - התרעה מקדימה  (28/02/2026 22:35)  בעקבות זיהוי שיגורים, בדקות הקרובות צפויות להתקבל התרעות באזורים שפלת יהודה, מערב לכיש, לכיש, יהודה, שרון, דן, ירקון, השפלה, שומרון, בקעה, בקעת בית שאן, המפרץ, מנשה, ואדי ערה, הכרמל, העמקים, גליל עליון, מרכז הגליל, קו העימות, דרום הגולן לרשימת הישובים המלאה  צופר - צבע אדום",אמת (צבע אדום הופעל),2026-02-28 22:44:02,8.6
2026-02-28 22:35:26,"מבזק פיקוד העורף - התרעה מקדימה  (28/02/2026 22:35)  בעקבות זיהוי שיגורים, בדקות הקרובות צפויות להתקבל התרעות באזורים שפלת יהודה, מערב לכיש, לכיש, יהודה, שרון, דן, ירקון, השפלה, שומרון, בקעה, בקעת בית שאן, המפרץ, מנשה, ואדי ערה, הכרמל, העמקים, גליל עליון, מרכז הגליל, קו העימות, דרום הגולן, צפון הגולן, גליל תחתון לרשימת הישובים המלאה  צופר - צבע אדום",אמת (צבע אדום הופעל),2026-02-28 22:44:02,8.6
2026-02-28 23:22:41,"מבזק פיקוד העורף - התרעה מקדימה  (28/02/2026 23:22)  בעקבות זיהוי שיגורים, בדקות הקרובות צפויות להתקבל התרעות באזורים מערב לכיש, לכיש, שפלת יהודה, יהודה, שרון, דן, ירקון, השפלה, שומרון, בקעה לרשימת הישובים המלאה  צופר - צבע אדום",אמת (צבע אדום הופעל),2026-02-28 23:31:14,8.6
2026-03-01 01:40:07,"מבזק פיקוד העורף - התרעה מקדימה  (01/03/2026 01:40)  בעקבות זיהוי שיגורים, בדקות הקרובות צפויות להתקבל התרעות באזורים ירושלים, מערב לכיש, לכיש, שפלת יהודה, דן, ירקון, השפלה, יהודה, שרון לרשימת הישובים המלאה  צופר - צבע אדום",אמת (צבע אדום הופעל),2026-03-01 01:50:23,10.3
2026-03-01 01:40:11,"מבזק פיקוד העורף - התרעה מקדימה  (01/03/2026 01:40)  בעקבות זיהוי שיגורים, בדקות הקרובות צפויות להתקבל התרעות באזורים ירושלים, מערב לכיש, לכיש, שפלת יהודה, דן, ירקון, השפלה, יהודה, שרון, שומרון, בקעה לרשימת הישובים המלאה  צופר - צבע אדום",אמת (צבע אדום הופעל),2026-03-01 01:50:23,10.2
2026-03-01 06:09:44,"מבזק פיקוד העורף - התרעה מקדימה  (01/03/2026 06:09)  בעקבות זיהוי שיגורים, בדקות הקרובות צפויות להתקבל התרעות באזורים מערב לכיש, לכיש, יהודה, שפלת יהודה, דן, ירקון, השפלה, שרון, שומרון, בקעה, ירושלים לרשימת הישובים המלאה  צופר - צבע אדום",אמת (צבע אדום הופעל),2026-03-01 06:18:05,8.3
2026-03-01 08:54:53,"מבזק פיקוד העורף - התרעה מקדימה  (01/03/2026 08:54)  בעקבות זיהוי שיגורים, בדקות הקרובות צפויות להתקבל התרעות באזורים יהודה, מערב לכיש, לכיש, שפלת יהודה, שרון, בקעה, שומרון, דן, ירקון, השפלה, ירושלים, דרום הגולן, צפון הגולן, גליל תחתון, העמקים, גליל עליון, המפרץ, מנשה, ואדי ערה, הכרמל, מרכז הגליל, קו העימות, בקעת בית שאן לרשימת הישובים המלאה  צופר - צבע אדום",זבל (לא הופעל צבע אדום),,
2026-03-01 10:04:53,"מבזק פיקוד העורף - התרעה מקדימה  (01/03/2026 10:04)  בעקבות זיהוי שיגורים, בדקות הקרובות צפויות להתקבל התרעות באזורים בקעה, שומרון, שרון, יהודה, דן, ירקון, השפלה, שפלת יהודה, מערב לכיש, לכיש, ירושלים, צפון הגולן, דרום הגולן, גליל תחתון, גליל עליון, העמקים, בקעת בית שאן, מרכז הגליל, קו העימות, המפרץ, מנשה, ואדי ערה, הכרמל לרשימת הישובים המלאה  צופר - צבע אדום",אמת (צבע אדום הופעל),2026-03-01 10:21:05,16.2
2026-03-01 12:38:30,"מבזק פיקוד העורף - התרעה מקדימה  (01/03/2026 12:38)  בעקבות זיהוי שיגורים, בדקות הקרובות צפויות להתקבל התרעות באזורים שומרון, בקעה, שרון, דן, ירקון, השפלה, יהודה, שפלת יהודה, לכיש, מערב לכיש לרשימת הישובים המלאה  צופר - צבע אדום",אמת (צבע אדום הופעל),2026-03-01 12:50:31,12.0
2026-03-01 13:24:54,"מבזק פיקוד העורף - התרעה מקדימה  (01/03/2026 13:24)  בעקבות זיהוי שיגורים, בדקות הקרובות צפויות להתקבל התרעות באזורים בקעה, שומרון, דן, ירקון, השפלה, שרון, יהודה, שפלת יהודה, מערב לכיש, לכיש, צפון הגולן, דרום הגולן, גליל תחתון, המפרץ, מנשה, ואדי ערה, הכרמל, בקעת בית שאן, העמקים, גליל עליון, מרכז הגליל, קו העימות, ירושלים לרשימת הישובים המלאה  צופר - צבע אדום",אמת (צבע אדום הופעל),2026-03-01 13:37:23,12.5
2026-03-01 21:08:01,"מבזק פיקוד העורף - התרעה מקדימה  (01/03/2026 21:08)  בעקבות זיהוי שיגורים, בדקות הקרובות צפויות להתקבל התרעות באזורים מערב הנגב, מרכז הנגב, עוטף עזה, יהודה, דרום הנגב, ערבה, ים המלח, שפלת יהודה, לכיש, מערב לכיש, ירקון, דן, השפלה, שרון, שומרון, בקעה, בקעת בית שאן, העמקים, גליל עליון, מרכז הגליל, ואדי ערה, מנשה, הכרמל, המפרץ, דרום הגולן, גליל תחתון, צפון הגולן, קו העימות, ירושלים לרשימת הישובים המלאה  צופר - צבע אדום",אמת (צבע אדום הופעל),2026-03-01 21:08:29,0.5
2026-03-01 22:28:11,"מבזק פיקוד העורף - התרעה מקדימה  (01/03/2026 22:28)  בעקבות זיהוי שיגורים, בדקות הקרובות צפויות להתקבל התרעות באזורים ירושלים, מערב לכיש, לכיש, שפלת יהודה, יהודה, ירקון, דן, שרון, השפלה, שומרון, בקעה לרשימת הישובים המלאה  צופר - צבע אדום",זבל (לא הופעל צבע אדום),,
2026-03-02 07:02:17,"מבזק פיקוד העורף - התרעה מקדימה  (02/03/2026 07:02)  בעקבות זיהוי שיגורים, בדקות הקרובות צפויות להתקבל התרעות באזורים מערב הנגב, מרכז הנגב, עוטף עזה, יהודה, דרום הנגב, ערבה, ים המלח, שפלת יהודה, מערב לכיש, לכיש, דן, ירקון, השפלה, שרון, שומרון, בקעה, ירושלים לרשימת הישובים המלאה  צופר - צבע אדום",אמת (צבע אדום הופעל),2026-03-02 07:11:11,8.9
2026-03-02 07:30:30,"מבזק פיקוד העורף - התרעה מקדימה  (02/03/2026 07:30)  בעקבות זיהוי שיגורים, בדקות הקרובות צפויות להתקבל התרעות באזורים ירושלים, שפלת יהודה, מערב לכיש, לכיש, יהודה, דן, ירקון, השפלה, שרון, שומרון, בקעה לרשימת הישובים המלאה  צופר - צבע אדום",זבל (לא הופעל צבע אדום),,
2026-03-02 12:02:16,"מבזק פיקוד העורף - התרעה מקדימה  (02/03/2026 12:02)  בעקבות זיהוי שיגורים, בדקות הקרובות צפויות להתקבל התרעות באזורים דן, ירקון, שומרון, בקעה, שרון, יהודה, השפלה, שפלת יהודה, מערב לכיש, לכיש לרשימת הישובים המלאה  צופר - צבע אדום",אמת (צבע אדום הופעל),2026-03-02 12:12:21,10.1
2026-03-02 12:34:13,"מבזק פיקוד העורף - התרעה מקדימה  (02/03/2026 12:34)  בעקבות זיהוי שיגורים, בדקות הקרובות צפויות להתקבל התרעות באזורים מערב לכיש, לכיש, יהודה, שפלת יהודה, שרון, דן, ירקון, השפלה, שומרון, בקעה, ירושלים, מרכז הנגב, מערב הנגב, עוטף עזה, דרום הנגב, ערבה, ים המלח לרשימת הישובים המלאה  צופר - צבע אדום",זבל (לא הופעל צבע אדום),,
2026-03-02 17:26:14,"מבזק פיקוד העורף - התרעה מקדימה  (02/03/2026 17:26)  בעקבות זיהוי שיגורים, בדקות הקרובות צפויות להתקבל התרעות באזורים שרון, שומרון, בקעה, דן, ירקון, יהודה, השפלה, מערב לכיש, לכיש, שפלת יהודה לרשימת הישובים המלאה  צופר - צבע אדום",אמת (צבע אדום הופעל),2026-03-02 17:37:23,11.2
2026-03-03 00:38:39,"מבזק פיקוד העורף - התרעה מקדימה  (03/03/2026 00:38)  בעקבות זיהוי שיגורים, בדקות הקרובות צפויות להתקבל התרעות באזורים שומרון, בקעה, שרון, יהודה, דן, ירקון, השפלה, שפלת יהודה, לכיש, מערב לכיש לרשימת הישובים המלאה  צופר - צבע אדום",אמת (צבע אדום הופעל),2026-03-03 00:41:49,3.2
2026-03-03 11:07:35,"מבזק פיקוד העורף - התרעה מקדימה  (03/03/2026 11:07)  בעקבות זיהוי שיגורים, בדקות הקרובות צפויות להתקבל התרעות באזורים שומרון, בקעה, דן, ירקון, שרון, יהודה, השפלה, שפלת יהודה, מערב לכיש, לכיש לרשימת הישובים המלאה  צופר - צבע אדום",אמת (צבע אדום הופעל),2026-03-03 11:15:35,8.0
2026-03-03 12:22:09,"מבזק פיקוד העורף - התרעה מקדימה  (03/03/2026 12:22)  בעקבות זיהוי שיגורים, בדקות הקרובות צפויות להתקבל התרעות באזורים מערב לכיש, לכיש, יהודה, שפלת יהודה, שרון, דן, ירקון, השפלה, שומרון, בקעה לרשימת הישובים המלאה  צופר - צבע אדום",אמת (צבע אדום הופעל),2026-03-03 12:45:46,23.6
2026-03-03 14:45:15,"מבזק פיקוד העורף - התרעה מקדימה  (03/03/2026 14:45)  בעקבות זיהוי שיגורים, בדקות הקרובות צפויות להתקבל התרעות באזורים מערב לכיש, לכיש, שפלת יהודה, יהודה, שרון, דן, ירקון, השפלה, שומרון, בקעה לרשימת הישובים המלאה  צופר - צבע אדום",אמת (צבע אדום הופעל),2026-03-03 14:54:48,9.6
2026-03-03 22:42:17,"מבזק פיקוד העורף - התרעה מקדימה  (03/03/2026 22:42)  בעקבות זיהוי שיגורים, בדקות הקרובות צפויות להתקבל התרעות באזורים לכיש, מערב לכיש, יהודה, שפלת יהודה, דן, ירקון, השפלה, שרון, שומרון, בקעה לרשימת הישובים המלאה  צופר - צבע אדום",אמת (צבע אדום הופעל),2026-03-03 23:18:03,35.8
2026-03-03 23:08:42,"מבזק פיקוד העורף - התרעה מקדימה  (03/03/2026 23:08)  בעקבות זיהוי שיגורים, בדקות הקרובות צפויות להתקבל התרעות באזורים מערב לכיש, לכיש, שפלת יהודה, דן, ירקון, השפלה, יהודה, שרון, שומרון, בקעה לרשימת הישובים המלאה  צופר - צבע אדום",אמת (צבע אדום הופעל),2026-03-03 23:18:03,9.3
2026-03-04 05:53:13,"מבזק פיקוד העורף - התרעה מקדימה  (04/03/2026 05:53)  בעקבות זיהוי שיגורים, בדקות הקרובות צפויות להתקבל התרעות באזורים ירושלים, שפלת יהודה, מערב לכיש, לכיש, דן, ירקון, יהודה, השפלה, בקעה, שומרון, שרון, בקעת בית שאן, גליל עליון, העמקים, המפרץ, מנשה, ואדי ערה, הכרמל, מרכז הגליל, קו העימות, צפון הגולן, דרום הגולן, גליל תחתון לרשימת הישובים המלאה  צופר - צבע אדום",זבל (לא הופעל צבע אדום),,
2026-03-04 13:47:49,"מבזק פיקוד העורף - התרעה מקדימה  (04/03/2026 13:47)  בעקבות זיהוי שיגורים, בדקות הקרובות צפויות להתקבל התרעות באזורים מערב לכיש, לכיש, שפלת יהודה, יהודה, השפלה, ירקון, דן, שרון, שומרון, בקעה, ירושלים לרשימת הישובים המלאה  צופר - צבע אדום",זבל (לא הופעל צבע אדום),,
2026-03-04 14:02:44,"מבזק פיקוד העורף - התרעה מקדימה  (04/03/2026 14:02)  בעקבות זיהוי שיגורים, בדקות הקרובות צפויות להתקבל התרעות באזורים ירושלים, מערב לכיש, לכיש, שפלת יהודה, דן, ירקון, יהודה, שרון, השפלה לרשימת הישובים המלאה  צופר - צבע אדום",אמת (צבע אדום הופעל),2026-03-04 14:38:15,35.5
2026-03-04 14:02:46,"מבזק פיקוד העורף - התרעה מקדימה  (04/03/2026 14:02)  בעקבות זיהוי שיגורים, בדקות הקרובות צפויות להתקבל התרעות באזורים ירושלים, מערב לכיש, לכיש, שפלת יהודה, דן, ירקון, יהודה, שרון, השפלה, שומרון, בקעה לרשימת הישובים המלאה  צופר - צבע אדום",אמת (צבע אדום הופעל),2026-03-04 14:38:15,35.5
2026-03-04 14:30:32,"מבזק פיקוד העורף - התרעה מקדימה  (04/03/2026 14:30)  בעקבות זיהוי שיגורים, בדקות הקרובות צפויות להתקבל התרעות באזורים שפלת יהודה, מערב לכיש, לכיש, יהודה, שרון, דן, ירקון, השפלה, שומרון, בקעה, ירושלים לרשימת הישובים המלאה  צופר - צבע אדום",אמת (צבע אדום הופעל),2026-03-04 14:38:15,7.7
2026-03-04 16:07:35,"מבזק פיקוד העורף - התרעה מקדימה  (04/03/2026 16:07)  בעקבות זיהוי שיגורים, בדקות הקרובות צפויות להתקבל התרעות באזורים בקעת בית שאן, גליל עליון, העמקים, המפרץ, מנשה, ואדי ערה, הכרמל, מרכז הגליל, קו העימות, דרום הגולן, צפון הגולן, גליל תחתון, מערב לכיש, לכיש, יהודה, שפלת יהודה, ירקון, דן, השפלה, שרון, שומרון, בקעה, ירושלים לרשימת הישובים המלאה  צופר - צבע אדום",אמת (צבע אדום הופעל),2026-03-04 16:13:09,5.6
2026-03-04 18:54:37,"מבזק פיקוד העורף - התרעה מקדימה  (04/03/2026 18:54)  בעקבות זיהוי שיגורים, בדקות הקרובות צפויות להתקבל התרעות באזורים מערב לכיש, לכיש, שפלת יהודה, דן, ירקון, השפלה, יהודה, שרון, שומרון, בקעה, ירושלים לרשימת הישובים המלאה  צופר - צבע אדום",זבל (לא הופעל צבע אדום),,
2026-03-05 02:22:49,"מבזק פיקוד העורף - התרעה מקדימה  (05/03/2026 02:22)  בעקבות זיהוי שיגורים, בדקות הקרובות צפויות להתקבל התרעות באזורים מערב לכיש, לכיש, שפלת יהודה, דן, ירקון, השפלה, יהודה, שרון, בקעה, שומרון לרשימת הישובים המלאה  צופר - צבע אדום",אמת (צבע אדום הופעל),2026-03-05 02:29:40,6.8
2026-03-05 03:04:17,"מבזק פיקוד העורף - התרעה מקדימה  (05/03/2026 03:04)  בעקבות זיהוי שיגורים, בדקות הקרובות צפויות להתקבל התרעות באזורים מערב לכיש, לכיש, שפלת יהודה, יהודה, שרון, דן, ירקון, השפלה, שומרון, בקעה לרשימת הישובים המלאה  צופר - צבע אדום",אמת (צבע אדום הופעל),2026-03-05 03:10:09,5.9
2026-03-05 03:55:24,"מבזק פיקוד העורף - התרעה מקדימה  (05/03/2026 03:55)  בעקבות זיהוי שיגורים, בדקות הקרובות צפויות להתקבל התרעות באזורים ירושלים, מערב לכיש, לכיש, יהודה, שפלת יהודה, דן, ירקון, השפלה, בקעה, שומרון, שרון לרשימת הישובים המלאה  צופר - צבע אדום",זבל (לא הופעל צבע אדום),,
2026-03-05 10:29:06,"מבזק פיקוד העורף - התרעה מקדימה  (05/03/2026 10:29)  בעקבות זיהוי שיגורים, בדקות הקרובות צפויות להתקבל התרעות באזורים בקעה, שומרון, דן, ירקון, שרון, השפלה, שפלת יהודה, יהודה, מערב לכיש, לכיש, ירושלים לרשימת הישובים המלאה  צופר - צבע אדום",זבל (לא הופעל צבע אדום),,
2026-03-05 13:42:15,"מבזק פיקוד העורף - התרעה מקדימה  (05/03/2026 13:42)  בעקבות זיהוי שיגורים, בדקות הקרובות צפויות להתקבל התרעות באזורים מערב לכיש, לכיש, שפלת יהודה, דן, ירקון, השפלה, יהודה, שרון, בקעה, שומרון לרשימת הישובים המלאה  צופר - צבע אדום",אמת (צבע אדום הופעל),2026-03-05 13:49:09,6.9
2026-03-05 16:25:14,"מבזק פיקוד העורף - התרעה מקדימה  (05/03/2026 16:25)  בעקבות זיהוי שיגורים, בדקות הקרובות צפויות להתקבל התרעות באזורים מערב לכיש, לכיש, שפלת יהודה, דן, ירקון, השפלה, יהודה, שרון, שומרון, בקעה, ירושלים לרשימת הישובים המלאה  צופר - צבע אדום",אמת (צבע אדום הופעל),2026-03-05 16:32:24,7.2
2026-03-05 22:35:19,"מבזק פיקוד העורף - התרעה מקדימה  (05/03/2026 22:35)  בעקבות זיהוי שיגורים, בדקות הקרובות צפויות להתקבל התרעות באזורים מערב לכיש, לכיש, שפלת יהודה, דן, ירקון, השפלה, יהודה, שרון, שומרון, בקעה לרשימת הישובים המלאה  צופר - צבע אדום",אמת (צבע אדום הופעל),2026-03-05 22:59:41,24.4
2026-03-05 22:50:40,"מבזק פיקוד העורף - התרעה מקדימה  (05/03/2026 22:50)  בעקבות זיהוי שיגורים, בדקות הקרובות צפויות להתקבל התרעות באזורים מערב לכיש, לכיש, שפלת יהודה, יהודה, ירקון, דן, בקעה, שומרון, שרון, השפלה, ירושלים לרשימת הישובים המלאה  צופר - צבע אדום",אמת (צבע אדום הופעל),2026-03-05 22:59:41,9.0
2026-03-06 10:10:50,"מבזק פיקוד העורף - התרעה מקדימה  (06/03/2026 10:10)  בעקבות זיהוי שיגורים, בדקות הקרובות צפויות להתקבל התרעות באזורים מערב לכיש, לכיש, יהודה, שפלת יהודה, שרון, בקעה, שומרון, השפלה, ירקון, דן לרשימת הישובים המלאה  צופר - צבע אדום",אמת (צבע אדום הופעל),2026-03-06 10:19:02,8.2
2026-03-06 19:16:53,"מבזק פיקוד העורף - התרעה מקדימה  (06/03/2026 19:16)  בעקבות זיהוי שיגורים, בדקות הקרובות צפויות להתקבל התרעות באזורים שומרון, בקעה, שרון, דן, ירקון, השפלה, יהודה, שפלת יהודה, מערב לכיש, לכיש לרשימת הישובים המלאה  צופר - צבע אדום",אמת (צבע אדום הופעל),2026-03-06 19:23:09,6.3
2026-03-06 20:40:12,"מבזק פיקוד העורף - התרעה מקדימה  (06/03/2026 20:40)  בעקבות זיהוי שיגורים, בדקות הקרובות צפויות להתקבל התרעות באזורים שומרון, בקעה, שרון, דן, ירקון, השפלה, יהודה, שפלת יהודה, מערב לכיש, לכיש לרשימת הישובים המלאה  צופר - צבע אדום",זבל (לא הופעל צבע אדום),,
2026-03-06 21:54:10,"מבזק פיקוד העורף - התרעה מקדימה  (06/03/2026 21:54)  בעקבות זיהוי שיגורים, בדקות הקרובות צפויות להתקבל התרעות באזורים שומרון, בקעה, שרון, יהודה, דן, ירקון, השפלה, שפלת יהודה, לכיש, מערב לכיש לרשימת הישובים המלאה  צופר - צבע אדום",זבל (לא הופעל צבע אדום),,
2026-03-06 21:54:11,"מבזק פיקוד העורף - התרעה מקדימה  (06/03/2026 21:54)  בעקבות זיהוי שיגורים, בדקות הקרובות צפויות להתקבל התרעות באזורים שומרון, בקעה, שרון, יהודה, דן, ירקון, השפלה, שפלת יהודה, לכיש, מערב לכיש לרשימת הישובים המלאה  צופר - צבע אדום",זבל (לא הופעל צבע אדום),,
2026-03-07 00:32:21,"מבזק פיקוד העורף - התרעה מקדימה  (07/03/2026 00:32)  בעקבות זיהוי שיגורים, בדקות הקרובות צפויות להתקבל התרעות באזורים מערב לכיש, לכיש, שפלת יהודה, יהודה, דן, ירקון, השפלה, שרון, בקעה, שומרון לרשימת הישובים המלאה  צופר - צבע אדום",אמת (צבע אדום הופעל),2026-03-07 00:39:05,6.7
2026-03-07 04:56:46,"מבזק פיקוד העורף - התרעה מקדימה  (07/03/2026 04:56)  בעקבות זיהוי שיגורים, בדקות הקרובות צפויות להתקבל התרעות באזורים מערב לכיש, לכיש, יהודה, שפלת יהודה, שרון, דן, ירקון, השפלה, שומרון, בקעה לרשימת הישובים המלאה  צופר - צבע אדום",זבל (לא הופעל צבע אדום),,
2026-03-07 06:20:13,"מבזק פיקוד העורף - התרעה מקדימה  (07/03/2026 06:20)  בעקבות זיהוי שיגורים, בדקות הקרובות צפויות להתקבל התרעות באזורים מערב לכיש, לכיש, שפלת יהודה, יהודה, דן, ירקון, השפלה, שרון, שומרון, בקעה לרשימת הישובים המלאה  צופר - צבע אדום",זבל (לא הופעל צבע אדום),,
2026-03-07 11:23:25,"מבזק פיקוד העורף - התרעה מקדימה  (07/03/2026 11:23)  בעקבות זיהוי שיגורים, בדקות הקרובות צפויות להתקבל התרעות באזורים ירושלים, מערב לכיש, לכיש, שפלת יהודה, יהודה, דן, ירקון, השפלה, שומרון, בקעה, שרון לרשימת הישובים המלאה  צופר - צבע אדום",זבל (לא הופעל צבע אדום),,
2026-03-07 14:49:50,"מבזק פיקוד העורף - התרעה מקדימה  (07/03/2026 14:49)  בעקבות זיהוי שיגורים, בדקות הקרובות צפויות להתקבל התרעות באזורים מערב לכיש, לכיש, שפלת יהודה, דן, ירקון, יהודה, שרון, השפלה, שומרון, בקעה לרשימת הישובים המלאה  צופר - צבע אדום",אמת (צבע אדום הופעל),2026-03-07 14:59:39,9.8
2026-03-07 15:25:25,"מבזק פיקוד העורף - התרעה מקדימה  (07/03/2026 15:25)  בעקבות זיהוי שיגורים, בדקות הקרובות צפויות להתקבל התרעות באזורים מערב לכיש, לכיש, שפלת יהודה, יהודה, שרון, דן, ירקון, השפלה, שומרון, בקעה לרשימת הישובים המלאה  צופר - צבע אדום",אמת (צבע אדום הופעל),2026-03-07 15:33:22,8.0
2026-03-07 20:30:49,"מבזק פיקוד העורף - התרעה מקדימה  (07/03/2026 20:30)  בעקבות זיהוי שיגורים, בדקות הקרובות צפויות להתקבל התרעות באזורים מערב לכיש, לכיש, יהודה, שפלת יהודה, דן, ירקון, השפלה, שרון, שומרון, בקעה, ירושלים לרשימת הישובים המלאה  צופר - צבע אדום",זבל (לא הופעל צבע אדום),,
2026-03-07 21:46:16,"מבזק פיקוד העורף - התרעה מקדימה  (07/03/2026 21:46)  בעקבות זיהוי שיגורים, בדקות הקרובות צפויות להתקבל התרעות באזורים שומרון, בקעה, שרון, דן, ירקון, יהודה, שפלת יהודה, השפלה, מערב לכיש, לכיש לרשימת הישובים המלאה  צופר - צבע אדום",זבל (לא הופעל צבע אדום),,
2026-03-08 02:19:27,"מבזק פיקוד העורף - התרעה מקדימה  (08/03/2026 02:19)  בעקבות זיהוי שיגורים, בדקות הקרובות צפויות להתקבל התרעות באזורים בקעת בית שאן, העמקים, גליל עליון, מרכז הגליל, קו העימות, המפרץ, מנשה, ואדי ערה, הכרמל, צפון הגולן, דרום הגולן, גליל תחתון, שרון לרשימת הישובים המלאה  צופר - צבע אדום",זבל (לא הופעל צבע אדום),,
2026-03-08 07:23:40,"מבזק פיקוד העורף - התרעה מקדימה  (08/03/2026 07:23)  בעקבות זיהוי שיגורים, בדקות הקרובות צפויות להתקבל התרעות באזורים מערב לכיש, לכיש, יהודה, שפלת יהודה, דן, ירקון, השפלה, שרון, שומרון, בקעה לרשימת הישובים המלאה  צופר - צבע אדום",זבל (לא הופעל צבע אדום),,
2026-03-08 13:43:16,"מבזק פיקוד העורף - התרעה מקדימה  (08/03/2026 13:43)  בעקבות זיהוי שיגורים, בדקות הקרובות צפויות להתקבל התרעות באזורים מערב לכיש, לכיש, יהודה, שפלת יהודה, שרון, השפלה, ירקון, דן, שומרון, בקעה לרשימת הישובים המלאה  צופר - צבע אדום",אמת (צבע אדום הופעל),2026-03-08 13:51:56,8.7
2026-03-08 14:22:22,"מבזק פיקוד העורף - התרעה מקדימה  (08/03/2026 14:22)  בעקבות זיהוי שיגורים, בדקות הקרובות צפויות להתקבל התרעות באזורים שומרון, בקעה, דן, ירקון, השפלה, שרון, יהודה, מערב לכיש, לכיש, שפלת יהודה, ירושלים לרשימת הישובים המלאה  צופר - צבע אדום",זבל (לא הופעל צבע אדום),,
2026-03-08 16:39:23,"מבזק פיקוד העורף - התרעה מקדימה  (08/03/2026 16:39)  בעקבות זיהוי שיגורים, בדקות הקרובות צפויות להתקבל התרעות באזורים בקעה, שומרון, שרון, דן, ירקון, השפלה, שפלת יהודה, יהודה, מערב לכיש, לכיש לרשימת הישובים המלאה  צופר - צבע אדום",זבל (לא הופעל צבע אדום),,
2026-03-08 18:43:05,"מבזק פיקוד העורף - התרעה מקדימה  (08/03/2026 18:43)  בעקבות זיהוי שיגורים, בדקות הקרובות צפויות להתקבל התרעות באזורים שומרון, בקעה, דן, ירקון, השפלה, שרון, יהודה, שפלת יהודה, לכיש, מערב לכיש לרשימת הישובים המלאה  צופר - צבע אדום",אמת (צבע אדום הופעל),2026-03-08 18:47:44,4.7
2026-03-09 01:09:28,"מבזק פיקוד העורף - התרעה מקדימה  (09/03/2026 01:09)  בעקבות זיהוי שיגורים, בדקות הקרובות צפויות להתקבל התרעות באזורים בקעת בית שאן, המפרץ, מנשה, ואדי ערה, הכרמל, גליל עליון, העמקים, צפון הגולן, דרום הגולן, גליל תחתון, מרכז הגליל, קו העימות, לכיש, מערב לכיש, יהודה, שפלת יהודה, דן, ירקון, השפלה, שרון, בקעה, שומרון לרשימת הישובים המלאה  צופר - צבע אדום",זבל (לא הופעל צבע אדום),,
2026-03-09 01:28:50,"מבזק פיקוד העורף - התרעה מקדימה  (09/03/2026 01:28)  בעקבות זיהוי שיגורים, בדקות הקרובות צפויות להתקבל התרעות באזורים מערב לכיש, לכיש, שפלת יהודה, יהודה, דן, ירקון, השפלה, שרון, שומרון, בקעה לרשימת הישובים המלאה  צופר - צבע אדום",זבל (לא הופעל צבע אדום),,
2026-03-09 11:08:02,"מבזק פיקוד העורף - התרעה מקדימה  (09/03/2026 11:08)  בעקבות זיהוי שיגורים, בדקות הקרובות צפויות להתקבל התרעות באזורים מערב לכיש, לכיש, יהודה, שפלת יהודה, דן, ירקון, השפלה, שרון, שומרון, בקעה לרשימת הישובים המלאה  צופר - צבע אדום",אמת (צבע אדום הופעל),2026-03-09 11:16:19,8.3
2026-03-09 16:30:52,"מבזק פיקוד העורף - התרעה מקדימה  (09/03/2026 16:30)  בעקבות זיהוי שיגורים, בדקות הקרובות צפויות להתקבל התרעות באזורים שומרון, בקעה, שרון, דן, ירקון, השפלה, שפלת יהודה, יהודה, לכיש, מערב לכיש לרשימת הישובים המלאה  צופר - צבע אדום",אמת (צבע אדום הופעל),2026-03-09 17:03:14,32.4
2026-03-09 17:47:32,"מבזק פיקוד העורף - התרעה מקדימה  (09/03/2026 17:47)  בעקבות זיהוי שיגורים, בדקות הקרובות צפויות להתקבל התרעות באזורים שומרון, בקעה, בקעת בית שאן, שרון לרשימת הישובים המלאה  צופר - צבע אדום",זבל (לא הופעל צבע אדום),,
2026-03-09 17:56:46,"מבזק פיקוד העורף - התרעה מקדימה  (09/03/2026 17:56)  בעקבות זיהוי שיגורים, בדקות הקרובות צפויות להתקבל התרעות באזורים דן, ירקון, השפלה לרשימת הישובים המלאה  צופר - צבע אדום",זבל (לא הופעל צבע אדום),,
2026-03-09 21:34:57,"מבזק פיקוד העורף - התרעה מקדימה  (09/03/2026 21:34)  בעקבות זיהוי שיגורים, בדקות הקרובות צפויות להתקבל התרעות באזורים דן, ירקון, השפלה, שומרון, בקעה, שרון, שפלת יהודה, יהודה, לכיש, מערב לכיש לרשימת הישובים המלאה  צופר - צבע אדום",זבל (לא הופעל צבע אדום),,
2026-03-10 09:56:39,"מבזק פיקוד העורף - התרעה מקדימה  (10/03/2026 09:56)  בעקבות זיהוי שיגורים, בדקות הקרובות צפויות להתקבל התרעות באזורים מערב לכיש, לכיש, יהודה, שפלת יהודה, שרון, דן, ירקון, השפלה, שומרון, בקעה, ירושלים לרשימת הישובים המלאה  צופר - צבע אדום",זבל (לא הופעל צבע אדום),,
2026-03-10 14:24:24,"מבזק פיקוד העורף - התרעה מקדימה  (10/03/2026 14:24)  בעקבות זיהוי שיגורים, בדקות הקרובות צפויות להתקבל התרעות באזורים מערב לכיש, לכיש, שפלת יהודה, יהודה, שרון, דן, ירקון, השפלה, שומרון, בקעה, ירושלים לרשימת הישובים המלאה  צופר - צבע אדום",אמת (צבע אדום הופעל),2026-03-10 14:28:57,4.5
2026-03-10 14:42:26,"מבזק פיקוד העורף - התרעה מקדימה  (10/03/2026 14:42)  בעקבות זיהוי שיגורים, בדקות הקרובות צפויות להתקבל התרעות באזורים המפרץ, מנשה, ואדי ערה, הכרמל, בקעת בית שאן, גליל עליון, העמקים, צפון הגולן, דרום הגולן, גליל תחתון, מרכז הגליל, קו העימות, מערב לכיש, לכיש, יהודה, שפלת יהודה, שרון, דן, השפלה, ירקון, שומרון, בקעה לרשימת הישובים המלאה  צופר - צבע אדום",אמת (צבע אדום הופעל),2026-03-10 14:49:30,7.1
2026-03-10 17:08:09,"מבזק פיקוד העורף - התרעה מקדימה  (10/03/2026 17:08)  בעקבות זיהוי שיגורים, בדקות הקרובות צפויות להתקבל התרעות באזורים מערב לכיש, לכיש, שפלת יהודה, יהודה, שרון, דן, ירקון, השפלה, ירושלים לרשימת הישובים המלאה  צופר - צבע אדום",זבל (לא הופעל צבע אדום),,
2026-03-10 17:08:10,"מבזק פיקוד העורף - התרעה מקדימה  (10/03/2026 17:08)  בעקבות זיהוי שיגורים, בדקות הקרובות צפויות להתקבל התרעות באזורים מערב לכיש, לכיש, שפלת יהודה, יהודה, שרון, דן, ירקון, השפלה, ירושלים, שומרון, בקעה לרשימת הישובים המלאה  צופר - צבע אדום",זבל (לא הופעל צבע אדום),,
2026-03-10 19:43:34,"מבזק פיקוד העורף - התרעה מקדימה  (10/03/2026 19:43)  בעקבות זיהוי שיגורים, בדקות הקרובות צפויות להתקבל התרעות באזורים שפלת יהודה, לכיש, מערב לכיש, יהודה, השפלה, ירקון, דן, שרון, שומרון, בקעה לרשימת הישובים המלאה  צופר - צבע אדום",אמת (צבע אדום הופעל),2026-03-10 19:50:04,6.5
2026-03-10 23:32:11,"מבזק פיקוד העורף - התרעה מקדימה  (10/03/2026 23:32)  בעקבות זיהוי שיגורים, בדקות הקרובות צפויות להתקבל התרעות באזורים לכיש, מערב לכיש, שפלת יהודה, יהודה, ירקון, דן, שרון, השפלה, שומרון לרשימת הישובים המלאה  צופר - צבע אדום",זבל (לא הופעל צבע אדום),,
2026-03-10 23:32:11,"מבזק פיקוד העורף - התרעה מקדימה  (10/03/2026 23:32)  בעקבות זיהוי שיגורים, בדקות הקרובות צפויות להתקבל התרעות באזורים לכיש, מערב לכיש, שפלת יהודה, יהודה, ירקון, דן, שרון, השפלה, שומרון, בקעה לרשימת הישובים המלאה  צופר - צבע אדום",זבל (לא הופעל צבע אדום),,
2026-03-11 00:49:40,"מבזק פיקוד העורף - התרעה מקדימה  (11/03/2026 00:49)  בעקבות זיהוי שיגורים, בדקות הקרובות צפויות להתקבל התרעות באזורים ירושלים, מערב לכיש, לכיש, שפלת יהודה, יהודה, ירקון, דן, השפלה, שרון, שומרון, בקעה לרשימת הישובים המלאה  צופר - צבע אדום",אמת (צבע אדום הופעל),2026-03-11 01:11:26,21.8
2026-03-11 01:09:02,"מבזק פיקוד העורף - התרעה מקדימה  (11/03/2026 01:09)  בעקבות זיהוי שיגורים, בדקות הקרובות צפויות להתקבל התרעות באזורים מערב לכיש, לכיש, שפלת יהודה, יהודה, דן, השפלה, ירקון, שרון, בקעה, שומרון, בקעת בית שאן, העמקים, גליל עליון, מרכז הגליל, ואדי ערה, מנשה, הכרמל, המפרץ, דרום הגולן, קו העימות, גליל תחתון, צפון הגולן לרשימת הישובים המלאה  צופר - צבע אדום",אמת (צבע אדום הופעל),2026-03-11 01:11:26,2.4
2026-03-11 03:41:20,"מבזק פיקוד העורף - התרעה מקדימה  (11/03/2026 03:41)  בעקבות זיהוי שיגורים, בדקות הקרובות צפויות להתקבל התרעות באזורים לכיש, מערב לכיש, שפלת יהודה, יהודה, ירקון, דן, שרון, השפלה, שומרון, בקעה לרשימת הישובים המלאה  צופר - צבע אדום",אמת (צבע אדום הופעל),2026-03-11 03:50:30,9.2
2026-03-11 04:32:16,"מבזק פיקוד העורף - התרעה מקדימה  (11/03/2026 04:32)  בעקבות זיהוי שיגורים, בדקות הקרובות צפויות להתקבל התרעות באזורים לכיש, מערב לכיש, שפלת יהודה, יהודה, ירקון, דן, השפלה, שרון, שומרון, בקעה לרשימת הישובים המלאה  צופר - צבע אדום",אמת (צבע אדום הופעל),2026-03-11 04:39:45,7.5
2026-03-11 13:45:51,"מבזק פיקוד העורף - התרעה מקדימה  (11/03/2026 13:45)  בעקבות זיהוי שיגורים, בדקות הקרובות צפויות להתקבל התרעות באזורים מערב לכיש, לכיש, שפלת יהודה, יהודה, דן, ירקון, השפלה, בקעה, שומרון, שרון, בקעת בית שאן, המפרץ, מנשה, ואדי ערה, הכרמל, העמקים, גליל עליון, מרכז הגליל, קו העימות, צפון הגולן, דרום הגולן, גליל תחתון לרשימת הישובים המלאה  צופר - צבע אדום",אמת (צבע אדום הופעל),2026-03-11 13:53:25,7.6
2026-03-11 19:38:55,"מבזק פיקוד העורף - התרעה מקדימה  (11/03/2026 19:38)  בעקבות זיהוי שיגורים, בדקות הקרובות צפויות להתקבל התרעות באזורים ירושלים, מערב לכיש, לכיש, שפלת יהודה, יהודה, השפלה, ירקון, דן, שרון, שומרון, בקעה לרשימת הישובים המלאה  צופר - צבע אדום",זבל (לא הופעל צבע אדום),,
2026-03-12 00:30:57,"מבזק פיקוד העורף - התרעה מקדימה  (12/03/2026 00:30)  בעקבות זיהוי שיגורים, בדקות הקרובות צפויות להתקבל התרעות באזורים לכיש, מערב לכיש, שפלת יהודה, יהודה, דן, ירקון, השפלה, בקעה, שומרון, שרון, ירושלים, מרכז הנגב, מערב הנגב, עוטף עזה, דרום הנגב, ערבה, ים המלח לרשימת הישובים המלאה  צופר - צבע אדום",זבל (לא הופעל צבע אדום),,
2026-03-12 04:08:38,"מבזק פיקוד העורף - התרעה מקדימה  (12/03/2026 04:08)  בעקבות זיהוי שיגורים, בדקות הקרובות צפויות להתקבל התרעות באזורים מערב לכיש, לכיש, שפלת יהודה, יהודה, שרון, דן, ירקון, השפלה, שומרון, בקעה, בקעת בית שאן, המפרץ, מנשה, ואדי ערה, הכרמל, גליל עליון, העמקים, צפון הגולן, דרום הגולן, מרכז הגליל, קו העימות, גליל תחתון לרשימת הישובים המלאה  צופר - צבע אדום",אמת (צבע אדום הופעל),2026-03-12 04:16:46,8.1
2026-03-12 09:22:22,"מבזק פיקוד העורף - התרעה מקדימה  (12/03/2026 09:22)  בעקבות זיהוי שיגורים, בדקות הקרובות צפויות להתקבל התרעות באזורים ירושלים, מערב לכיש, לכיש, שפלת יהודה, יהודה, שרון, השפלה, ירקון, דן, שומרון, בקעה לרשימת הישובים המלאה  צופר - צבע אדום",זבל (לא הופעל צבע אדום),,
2026-03-12 14:57:14,"מבזק פיקוד העורף - התרעה מקדימה  (12/03/2026 14:57)  בעקבות זיהוי שיגורים, בדקות הקרובות צפויות להתקבל התרעות באזורים מערב לכיש, לכיש, שפלת יהודה, יהודה, דן, ירקון, השפלה, שרון, שומרון, בקעה לרשימת הישובים המלאה  צופר - צבע אדום",אמת (צבע אדום הופעל),2026-03-12 15:06:13,9.0
2026-03-12 21:38:36,"מבזק פיקוד העורף - התרעה מקדימה  (12/03/2026 21:38)  בעקבות זיהוי שיגורים, בדקות הקרובות צפויות להתקבל התרעות באזורים מערב לכיש, לכיש, שפלת יהודה, יהודה, דן, ירקון, השפלה, שרון, שומרון, בקעה לרשימת הישובים המלאה  צופר - צבע אדום",זבל (לא הופעל צבע אדום),,
2026-03-13 13:27:04,"מבזק פיקוד העורף - התרעה מקדימה  (13/03/2026 13:27)  בעקבות זיהוי שיגורים, בדקות הקרובות צפויות להתקבל התרעות באזורים מערב לכיש, לכיש, שפלת יהודה, דן, ירקון, השפלה, יהודה, שומרון, שרון, בקעה, ירושלים לרשימת הישובים המלאה  צופר - צבע אדום",זבל (לא הופעל צבע אדום),,
2026-03-13 16:58:55,"מבזק פיקוד העורף - התרעה מקדימה  (13/03/2026 16:58)  בעקבות זיהוי שיגורים, בדקות הקרובות צפויות להתקבל התרעות באזורים מערב לכיש, לכיש, שפלת יהודה, דן, יהודה, שרון, ירקון, השפלה לרשימת הישובים המלאה  צופר - צבע אדום",אמת (צבע אדום הופעל),2026-03-13 17:06:46,7.8
2026-03-13 16:58:56,"מבזק פיקוד העורף - התרעה מקדימה  (13/03/2026 16:58)  בעקבות זיהוי שיגורים, בדקות הקרובות צפויות להתקבל התרעות באזורים מערב לכיש, לכיש, שפלת יהודה, דן, יהודה, שרון, ירקון, השפלה, שומרון, בקעה לרשימת הישובים המלאה  צופר - צבע אדום",אמת (צבע אדום הופעל),2026-03-13 17:06:46,7.8
2026-03-13 19:26:11,"מבזק פיקוד העורף - התרעה מקדימה  (13/03/2026 19:26)  בעקבות זיהוי שיגורים, בדקות הקרובות צפויות להתקבל התרעות באזורים מערב לכיש, לכיש, יהודה, שפלת יהודה, דן, ירקון, השפלה, שרון, שומרון, בקעה לרשימת הישובים המלאה  צופר - צבע אדום",אמת (צבע אדום הופעל),2026-03-13 19:33:36,7.4
2026-03-13 23:16:26,"מבזק פיקוד העורף - התרעה מקדימה  (13/03/2026 23:16)  בעקבות זיהוי שיגורים, בדקות הקרובות צפויות להתקבל התרעות באזורים ערבה, ים המלח, דרום הנגב, מערב הנגב, מרכז הנגב, יהודה, דן, ירקון, השפלה, שפלת יהודה, לכיש, שומרון לרשימת הישובים המלאה  צופר - צבע אדום",זבל (לא הופעל צבע אדום),,
2026-03-14 02:30:33,"מבזק פיקוד העורף - התרעה מקדימה  (14/03/2026 02:30)  בעקבות זיהוי שיגורים, בדקות הקרובות צפויות להתקבל התרעות באזורים שרון, בקעה לרשימת הישובים המלאה  צופר - צבע אדום",זבל (לא הופעל צבע אדום),,
2026-03-14 14:39:20,"מבזק פיקוד העורף - התרעה מקדימה  (14/03/2026 14:39)  בעקבות זיהוי שיגורים, בדקות הקרובות צפויות להתקבל התרעות באזורים שרון, דן, ירקון, השפלה, בקעה, שומרון לרשימת הישובים המלאה  צופר - צבע אדום",אמת (צבע אדום הופעל),2026-03-14 14:45:15,5.9
2026-03-14 16:29:47,"מבזק פיקוד העורף - התרעה מקדימה  (14/03/2026 16:29)  בעקבות זיהוי שיגורים, בדקות הקרובות צפויות להתקבל התרעות באזורים לכיש, שפלת יהודה, שומרון, דן, ירקון, השפלה, בקעה, שרון, עוטף עזה, יהודה, ים המלח, ערבה, דרום הנגב, מערב הנגב, מרכז הנגב, מערב לכיש, ירושלים לרשימת הישובים המלאה  צופר - צבע אדום",זבל (לא הופעל צבע אדום),,
2026-03-15 02:24:27,"מבזק פיקוד העורף - התרעה מקדימה  (15/03/2026 02:24)  בעקבות זיהוי שיגורים, בדקות הקרובות צפויות להתקבל התרעות באזורים שרון, דן, ירקון, השפלה, שומרון, בקעה לרשימת הישובים המלאה  צופר - צבע אדום",אמת (צבע אדום הופעל),2026-03-15 02:35:10,10.7
2026-03-15 05:36:06,"מבזק פיקוד העורף - התרעה מקדימה  (15/03/2026 05:36)  בעקבות זיהוי שיגורים, בדקות הקרובות צפויות להתקבל התרעות באזורים שרון, מערב לכיש, בקעה, שומרון, שפלת יהודה, לכיש, דן, ירקון, השפלה, ירושלים לרשימת הישובים המלאה  צופר - צבע אדום",זבל (לא הופעל צבע אדום),,
2026-03-15 11:43:51,"מבזק פיקוד העורף - התרעה מקדימה  (15/03/2026 11:43)  בעקבות זיהוי שיגורים, בדקות הקרובות צפויות להתקבל התרעות באזורים שומרון, דן, ירקון, השפלה, שרון, בקעה, שפלת יהודה, לכיש לרשימת הישובים המלאה  צופר - צבע אדום",אמת (צבע אדום הופעל),2026-03-15 11:51:07,7.3
2026-03-15 13:15:14,"מבזק פיקוד העורף - התרעה מקדימה  (15/03/2026 13:15)  בעקבות זיהוי שיגורים, בדקות הקרובות צפויות להתקבל התרעות באזורים שפלת יהודה, לכיש, שומרון, שרון, בקעה, דן, ירקון, השפלה לרשימת הישובים המלאה  צופר - צבע אדום",אמת (צבע אדום הופעל),2026-03-15 13:21:28,6.2
2026-03-16 01:26:33,"מבזק פיקוד העורף - התרעה מקדימה  (16/03/2026 01:26)  בעקבות זיהוי שיגורים, בדקות הקרובות צפויות להתקבל התרעות באזורים דן, ירקון, השפלה, שומרון, שרון לרשימת הישובים המלאה  צופר - צבע אדום",אמת (צבע אדום הופעל),2026-03-16 01:31:13,4.7
2026-03-16 10:01:44,"מבזק פיקוד העורף - התרעה מקדימה  (16/03/2026 10:01)  בעקבות זיהוי שיגורים, בדקות הקרובות צפויות להתקבל התרעות באזורים לכיש, שפלת יהודה, שומרון, דן, ירקון, השפלה לרשימת הישובים המלאה  צופר - צבע אדום",אמת (צבע אדום הופעל),2026-03-16 10:06:47,5.0
2026-03-16 21:04:25,"מבזק פיקוד העורף - התרעה מקדימה  (16/03/2026 21:04)  בעקבות זיהוי שיגורים, בדקות הקרובות צפויות להתקבל התרעות באזורים בקעה, שומרון, דן, ירקון, השפלה, שפלת יהודה, לכיש, שרון לרשימת הישובים המלאה  צופר - צבע אדום",אמת (צבע אדום הופעל),2026-03-16 21:09:19,4.9
2026-03-16 21:05:36,"מבזק פיקוד העורף - התרעה מקדימה  (16/03/2026 21:05)  בעקבות זיהוי שיגורים, בדקות הקרובות צפויות להתקבל התרעות באזורים דן, ירקון, השפלה לרשימת הישובים המלאה  צופר - צבע אדום",אמת (צבע אדום הופעל),2026-03-16 21:09:19,3.7
2026-03-16 22:17:14,"מבזק פיקוד העורף - התרעה מקדימה  (16/03/2026 22:17)  בעקבות זיהוי שיגורים, בדקות הקרובות צפויות להתקבל התרעות באזורים דן, ירקון, השפלה, שרון, שומרון לרשימת הישובים המלאה  צופר - צבע אדום",אמת (צבע אדום הופעל),2026-03-16 22:21:54,4.7
2026-03-17 03:30:35,"מבזק פיקוד העורף - התרעה מקדימה  (17/03/2026 03:30)  בעקבות זיהוי שיגורים, בדקות הקרובות צפויות להתקבל התרעות באזורים בקעה, שומרון, שרון, דן, ירקון, השפלה לרשימת הישובים המלאה  צופר - צבע אדום",אמת (צבע אדום הופעל),2026-03-17 03:37:07,6.5
2026-03-17 12:32:49,"מבזק פיקוד העורף - התרעה מקדימה  (17/03/2026 12:32)  בעקבות זיהוי שיגורים, בדקות הקרובות צפויות להתקבל התרעות באזורים בקעה, שומרון, דן, ירקון, השפלה, שרון, לכיש, שפלת יהודה לרשימת הישובים המלאה  צופר - צבע אדום",אמת (צבע אדום הופעל),2026-03-17 12:37:47,5.0
2026-03-17 13:51:23,"מבזק פיקוד העורף - התרעה מקדימה  (17/03/2026 13:51)  בעקבות זיהוי שיגורים, בדקות הקרובות צפויות להתקבל התרעות באזורים לכיש, שפלת יהודה, שומרון, דן, ירקון, השפלה לרשימת הישובים המלאה  צופר - צבע אדום",זבל (לא הופעל צבע אדום),,
2026-03-17 15:25:16,"מבזק פיקוד העורף - התרעה מקדימה  (17/03/2026 15:25)  בעקבות זיהוי שיגורים, בדקות הקרובות צפויות להתקבל התרעות באזורים ירושלים, שפלת יהודה, לכיש, שומרון, דן, ירקון, השפלה, יהודה, ים המלח, מערב לכיש לרשימת הישובים המלאה  צופר - צבע אדום",זבל (לא הופעל צבע אדום),,
2026-03-17 17:43:44,"מבזק פיקוד העורף - התרעה מקדימה  (17/03/2026 17:43)  בעקבות זיהוי שיגורים, בדקות הקרובות צפויות להתקבל התרעות באזורים דן, ירקון, השפלה, בקעה, שומרון, שרון, מנשה, ואדי ערה, דרום הגולן, גליל עליון, העמקים, המפרץ, הכרמל, מרכז הגליל, גליל תחתון לרשימת הישובים המלאה  צופר - צבע אדום",אמת (צבע אדום הופעל),2026-03-17 17:45:46,2.0
2026-03-18 00:12:23,"מבזק פיקוד העורף - התרעה מקדימה  (18/03/2026 00:12)  בעקבות זיהוי שיגורים, בדקות הקרובות צפויות להתקבל התרעות באזורים דן, ירקון, השפלה, יהודה, ים המלח, שפלת יהודה, לכיש, שומרון, בקעה, ירושלים, שרון לרשימת הישובים המלאה  צופר - צבע אדום",אמת (צבע אדום הופעל),2026-03-18 00:19:36,7.2
2026-03-18 04:33:06,"מבזק פיקוד העורף - התרעה מקדימה  (18/03/2026 04:33)  בעקבות זיהוי שיגורים, בדקות הקרובות צפויות להתקבל התרעות באזורים שפלת יהודה, לכיש, דן, ירקון, השפלה, שומרון לרשימת הישובים המלאה  צופר - צבע אדום",זבל (לא הופעל צבע אדום),,
2026-03-18 07:56:14,"מבזק פיקוד העורף - התרעה מקדימה  (18/03/2026 07:56)  בעקבות זיהוי שיגורים, בדקות הקרובות צפויות להתקבל התרעות באזורים שומרון, דן, ירקון, השפלה, שפלת יהודה, לכיש, בקעה, ירושלים לרשימת הישובים המלאה  צופר - צבע אדום",זבל (לא הופעל צבע אדום),,
2026-03-18 11:04:47,"מבזק פיקוד העורף - התרעה מקדימה  (18/03/2026 11:04)  בעקבות זיהוי שיגורים, בדקות הקרובות צפויות להתקבל התרעות באזורים המפרץ, הכרמל, דרום הגולן, גליל עליון, העמקים, מרכז הגליל, גליל תחתון, דן, ירקון, השפלה, שרון, קו העימות לרשימת הישובים המלאה  צופר - צבע אדום",זבל (לא הופעל צבע אדום),,
2026-03-18 15:34:03,"מבזק פיקוד העורף - התרעה מקדימה  (18/03/2026 15:34)  בעקבות זיהוי שיגורים, בדקות הקרובות צפויות להתקבל התרעות באזורים דן, ירקון, השפלה, שרון, שומרון לרשימת הישובים המלאה  צופר - צבע אדום",אמת (צבע אדום הופעל),2026-03-18 15:39:56,5.9
2026-03-18 23:32:27,"מבזק פיקוד העורף - התרעה מקדימה  (18/03/2026 23:32)  בעקבות זיהוי שיגורים, בדקות הקרובות צפויות להתקבל התרעות באזורים דן, ירקון, השפלה, שרון, שומרון לרשימת הישובים המלאה  צופר - צבע אדום",אמת (צבע אדום הופעל),2026-03-18 23:36:30,4.0
2026-03-19 03:11:32,"מבזק פיקוד העורף - התרעה מקדימה  (19/03/2026 03:11)  בעקבות זיהוי שיגורים, בדקות הקרובות צפויות להתקבל התרעות באזורים שרון, דן, ירקון, השפלה, שומרון, בקעה לרשימת הישובים המלאה  צופר - צבע אדום",אמת (צבע אדום הופעל),2026-03-19 03:16:58,5.4
2026-03-19 06:50:07,"מבזק פיקוד העורף - התרעה מקדימה  (19/03/2026 06:50)  בעקבות זיהוי שיגורים, בדקות הקרובות צפויות להתקבל התרעות באזורים שרון, דן, ירקון, השפלה, שומרון, בקעה לרשימת הישובים המלאה  צופר - צבע אדום",אמת (צבע אדום הופעל),2026-03-19 06:55:19,5.2
2026-03-19 10:48:49,"מבזק פיקוד העורף - התרעה מקדימה  (19/03/2026 10:48)  בעקבות זיהוי שיגורים, בדקות הקרובות צפויות להתקבל התרעות באזורים שרון, בקעה, שומרון, דן, ירקון, השפלה לרשימת הישובים המלאה  צופר - צבע אדום",אמת (צבע אדום הופעל),2026-03-19 10:54:30,5.7
2026-03-19 11:39:36,"מבזק פיקוד העורף - התרעה מקדימה  (19/03/2026 11:39)  בעקבות זיהוי שיגורים, בדקות הקרובות צפויות להתקבל התרעות באזורים מערב לכיש, שפלת יהודה, לכיש, שומרון, דן, ירקון, השפלה, ירושלים, יהודה, ים המלח לרשימת הישובים המלאה  צופר - צבע אדום",זבל (לא הופעל צבע אדום),,
2026-03-19 16:44:21,"מבזק פיקוד העורף - התרעה מקדימה  (19/03/2026 16:44)  בעקבות זיהוי שיגורים, בדקות הקרובות צפויות להתקבל התרעות באזורים יהודה, ים המלח, מערב לכיש, לכיש, שפלת יהודה, שומרון, ירושלים, דן, ירקון, השפלה, המפרץ, הכרמל, צפון הגולן, דרום הגולן, מנשה, ואדי ערה לרשימת הישובים המלאה  צופר - צבע אדום",זבל (לא הופעל צבע אדום),,
2026-03-19 16:44:23,"מבזק פיקוד העורף - התרעה מקדימה  (19/03/2026 16:44)  בעקבות זיהוי שיגורים, בדקות הקרובות צפויות להתקבל התרעות באזורים יהודה, ים המלח, מערב לכיש, לכיש, שפלת יהודה, שומרון, ירושלים, דן, ירקון, השפלה, המפרץ, הכרמל, צפון הגולן, דרום הגולן, מנשה, ואדי ערה, העמקים, גליל עליון, מרכז הגליל, גליל תחתון לרשימת הישובים המלאה  צופר - צבע אדום",זבל (לא הופעל צבע אדום),,
2026-03-19 22:41:50,"מבזק פיקוד העורף - התרעה מקדימה  (19/03/2026 22:41)  בעקבות זיהוי שיגורים, בדקות הקרובות צפויות להתקבל התרעות באזורים בקעה, לכיש, שפלת יהודה, דן, ירקון, השפלה, יהודה, ים המלח, שומרון, ירושלים, מערב לכיש לרשימת הישובים המלאה  צופר - צבע אדום",זבל (לא הופעל צבע אדום),,
2026-03-20 08:08:58,"מבזק פיקוד העורף - התרעה מקדימה  (20/03/2026 08:08)  בעקבות זיהוי שיגורים, בדקות הקרובות צפויות להתקבל התרעות באזורים שומרון, בקעה, דן, ירקון, שרון, השפלה לרשימת הישובים המלאה  צופר - צבע אדום",אמת (צבע אדום הופעל),2026-03-20 08:12:42,3.7
2026-03-20 08:43:32,"מבזק פיקוד העורף - התרעה מקדימה  (20/03/2026 08:43)  בעקבות זיהוי שיגורים, בדקות הקרובות צפויות להתקבל התרעות באזורים שפלת יהודה, לכיש, דן, ירקון, השפלה, מערב לכיש, ירושלים, שומרון, יהודה, ים המלח לרשימת הישובים המלאה  צופר - צבע אדום",זבל (לא הופעל צבע אדום),,
2026-03-20 10:38:07,"מבזק פיקוד העורף - התרעה מקדימה  (20/03/2026 10:38)  בעקבות זיהוי שיגורים, בדקות הקרובות צפויות להתקבל התרעות באזורים יהודה, ים המלח, שפלת יהודה, לכיש, ירושלים, השפלה, ירקון, דן, בקעה, שומרון לרשימת הישובים המלאה  צופר - צבע אדום",זבל (לא הופעל צבע אדום),,
2026-03-20 10:50:49,"מבזק פיקוד העורף - התרעה מקדימה  (20/03/2026 10:50)  בעקבות זיהוי שיגורים, בדקות הקרובות צפויות להתקבל התרעות באזורים דן, ירקון, השפלה, שומרון, ירושלים, יהודה, ים המלח, שפלת יהודה, לכיש, מערב לכיש לרשימת הישובים המלאה  צופר - צבע אדום",זבל (לא הופעל צבע אדום),,
2026-03-20 13:10:50,"מבזק פיקוד העורף - התרעה מקדימה  (20/03/2026 13:10)  בעקבות זיהוי שיגורים, בדקות הקרובות צפויות להתקבל התרעות באזורים מערב לכיש, שפלת יהודה, לכיש, דן, ירקון, יהודה, ים המלח, השפלה לרשימת הישובים המלאה  צופר - צבע אדום",זבל (לא הופעל צבע אדום),,
2026-03-20 13:10:52,"מבזק פיקוד העורף - התרעה מקדימה  (20/03/2026 13:10)  בעקבות זיהוי שיגורים, בדקות הקרובות צפויות להתקבל התרעות באזורים מערב לכיש, שפלת יהודה, לכיש, דן, ירקון, יהודה, ים המלח, השפלה, שומרון לרשימת הישובים המלאה  צופר - צבע אדום",זבל (לא הופעל צבע אדום),,
2026-03-20 13:10:53,"מבזק פיקוד העורף - התרעה מקדימה  (20/03/2026 13:10)  בעקבות זיהוי שיגורים, בדקות הקרובות צפויות להתקבל התרעות באזורים מערב לכיש, שפלת יהודה, לכיש, דן, ירקון, יהודה, ים המלח, השפלה, שומרון, ירושלים, בקעה לרשימת הישובים המלאה  צופר - צבע אדום",זבל (לא הופעל צבע אדום),,
2026-03-20 13:52:27,"מבזק פיקוד העורף - התרעה מקדימה  (20/03/2026 13:52)  בעקבות זיהוי שיגורים, בדקות הקרובות צפויות להתקבל התרעות באזורים ירושלים, שפלת יהודה, לכיש, דן, ירקון, השפלה, יהודה, ים המלח, שומרון, בקעה, ואדי ערה, מנשה, המפרץ, הכרמל, גליל עליון, העמקים, מרכז הגליל, דרום הגולן, בקעת בית שאן, גליל תחתון, מערב לכיש לרשימת הישובים המלאה  צופר - צבע אדום",אמת (צבע אדום הופעל),2026-03-20 14:01:11,8.7
2026-03-20 17:04:19,"מבזק פיקוד העורף - התרעה מקדימה  (20/03/2026 17:04)  בעקבות זיהוי שיגורים, בדקות הקרובות צפויות להתקבל התרעות באזורים דרום הנגב, ערבה, ים המלח, יהודה, בקעה, שומרון, שרון, ואדי ערה, מנשה, בקעת בית שאן לרשימת הישובים המלאה  צופר - צבע אדום",זבל (לא הופעל צבע אדום),,
2026-03-20 21:33:51,"מבזק פיקוד העורף - התרעה מקדימה  (20/03/2026 21:33)  בעקבות זיהוי שיגורים, בדקות הקרובות צפויות להתקבל התרעות באזורים דן, ירקון, השפלה, שומרון, שרון, בקעה, שפלת יהודה, לכיש לרשימת הישובים המלאה  צופר - צבע אדום",אמת (צבע אדום הופעל),2026-03-20 21:39:38,5.8
2026-03-21 03:16:06,"מבזק פיקוד העורף - התרעה מקדימה  (21/03/2026 03:16)  בעקבות זיהוי שיגורים, בדקות הקרובות צפויות להתקבל התרעות באזורים מרכז הנגב, מערב הנגב, דרום הנגב, ערבה, ים המלח, יהודה, ירושלים, מערב לכיש, לכיש, שפלת יהודה, דן, ירקון, השפלה לרשימת הישובים המלאה  צופר - צבע אדום",זבל (לא הופעל צבע אדום),,
2026-03-21 08:24:47,"מבזק פיקוד העורף - התרעה מקדימה  (21/03/2026 08:24)  בעקבות זיהוי שיגורים, בדקות הקרובות צפויות להתקבל התרעות באזורים דן, ירקון, השפלה, לכיש, שפלת יהודה, שומרון, שרון, בקעה לרשימת הישובים המלאה  צופר - צבע אדום",זבל (לא הופעל צבע אדום),,
2026-03-22 07:01:30,"מבזק פיקוד העורף - התרעה מקדימה  (22/03/2026 07:01)  בעקבות זיהוי שיגורים, בדקות הקרובות צפויות להתקבל התרעות באזורים שפלת יהודה, לכיש, שרון, שומרון לרשימת הישובים המלאה  צופר - צבע אדום",זבל (לא הופעל צבע אדום),,
2026-03-22 07:01:31,"מבזק פיקוד העורף - התרעה מקדימה  (22/03/2026 07:01)  בעקבות זיהוי שיגורים, בדקות הקרובות צפויות להתקבל התרעות באזורים שפלת יהודה, לכיש, שרון, שומרון, דן, ירקון, השפלה לרשימת הישובים המלאה  צופר - צבע אדום",זבל (לא הופעל צבע אדום),,
2026-03-22 07:48:02,"מבזק פיקוד העורף - התרעה מקדימה  (22/03/2026 07:48)  בעקבות זיהוי שיגורים, בדקות הקרובות צפויות להתקבל התרעות באזורים מערב לכיש, דן, ירקון, השפלה, שפלת יהודה, לכיש, ירושלים, יהודה, ים המלח, עוטף עזה לרשימת הישובים המלאה  צופר - צבע אדום",זבל (לא הופעל צבע אדום),,
2026-03-22 09:17:12,"מבזק פיקוד העורף - התרעה מקדימה  (22/03/2026 09:17)  בעקבות זיהוי שיגורים, בדקות הקרובות צפויות להתקבל התרעות באזורים שרון, דן, ירקון, השפלה, שומרון לרשימת הישובים המלאה  צופר - צבע אדום",אמת (צבע אדום הופעל),2026-03-22 09:27:47,10.6
2026-03-22 11:09:20,"מבזק פיקוד העורף - התרעה מקדימה  (22/03/2026 11:09)  בעקבות זיהוי שיגורים, בדקות הקרובות צפויות להתקבל התרעות באזורים שרון, דן, ירקון, השפלה, שומרון לרשימת הישובים המלאה  צופר - צבע אדום",אמת (צבע אדום הופעל),2026-03-22 11:14:18,5.0
2026-03-22 15:06:05,"מבזק פיקוד העורף - התרעה מקדימה  (22/03/2026 15:06)  בעקבות זיהוי שיגורים, בדקות הקרובות צפויות להתקבל התרעות באזורים דן, ירקון, השפלה, שרון, שומרון, שפלת יהודה, לכיש לרשימת הישובים המלאה  צופר - צבע אדום",אמת (צבע אדום הופעל),2026-03-22 15:10:53,4.8
2026-03-23 00:03:01,"מבזק פיקוד העורף - התרעה מקדימה  (23/03/2026 00:03)  בעקבות זיהוי שיגורים, בדקות הקרובות צפויות להתקבל התרעות באזורים שומרון, שרון, דן, ירקון, השפלה, מערב לכיש, שפלת יהודה, לכיש, יהודה, ים המלח, עוטף עזה לרשימת הישובים המלאה  צופר - צבע אדום",אמת (צבע אדום הופעל),2026-03-23 00:05:01,2.0
2026-03-24 01:03:34,"מבזק פיקוד העורף - התרעה מקדימה  (24/03/2026 01:03)  בעקבות זיהוי שיגורים, בדקות הקרובות צפויות להתקבל התרעות באזורים עוטף עזה, ירושלים, יהודה, ים המלח, מערב לכיש, שפלת יהודה, לכיש, דן, ירקון, השפלה לרשימת הישובים המלאה  צופר - צבע אדום",זבל (לא הופעל צבע אדום),,
2026-03-24 04:26:52,"מבזק פיקוד העורף - התרעה מקדימה  (24/03/2026 04:26)  בעקבות זיהוי שיגורים, בדקות הקרובות צפויות להתקבל התרעות באזורים שומרון, שרון, דן, ירקון, השפלה לרשימת הישובים המלאה  צופר - צבע אדום",אמת (צבע אדום הופעל),2026-03-24 04:30:46,3.9
2026-03-24 07:28:27,"מבזק פיקוד העורף - התרעה מקדימה  (24/03/2026 07:28)  בעקבות זיהוי שיגורים, בדקות הקרובות צפויות להתקבל התרעות באזורים בקעה, שומרון, שרון, דן, ירקון, השפלה לרשימת הישובים המלאה  צופר - צבע אדום",אמת (צבע אדום הופעל),2026-03-24 07:33:58,5.5
2026-03-24 20:34:30,"מבזק פיקוד העורף - התרעה מקדימה  (24/03/2026 20:34)  בעקבות זיהוי שיגורים, בדקות הקרובות צפויות להתקבל התרעות באזורים דן, ירקון, השפלה, שרון, שומרון לרשימת הישובים המלאה  צופר - צבע אדום",אמת (צבע אדום הופעל),2026-03-24 20:40:52,6.4
2026-03-24 23:44:45,"מבזק פיקוד העורף - התרעה מקדימה  (24/03/2026 23:44)  בעקבות זיהוי שיגורים, בדקות הקרובות צפויות להתקבל התרעות באזורים ירושלים, שומרון, שפלת יהודה, לכיש, דן, ירקון, השפלה, יהודה, ים המלח, בקעה לרשימת הישובים המלאה  צופר - צבע אדום",זבל (לא הופעל צבע אדום),,
2026-03-25 02:51:12,"מבזק פיקוד העורף - התרעה מקדימה  (25/03/2026 02:51)  בעקבות זיהוי שיגורים, בדקות הקרובות צפויות להתקבל התרעות באזורים שרון, דן, ירקון, השפלה, שומרון, יהודה, ים המלח, ואדי ערה, מנשה לרשימת הישובים המלאה  צופר - צבע אדום",אמת (צבע אדום הופעל),2026-03-25 02:55:19,4.1
2026-03-25 10:42:40,"מבזק פיקוד העורף - התרעה מקדימה  (25/03/2026 10:42)  בעקבות זיהוי שיגורים, בדקות הקרובות צפויות להתקבל התרעות באזורים המפרץ, הכרמל, שומרון, שרון, גליל עליון, העמקים, מרכז הגליל, דרום הגולן, גליל תחתון, ואדי ערה, מנשה, שפלת יהודה, לכיש, ירושלים, דן, ירקון, השפלה, בקעה לרשימת הישובים המלאה  צופר - צבע אדום",אמת (צבע אדום הופעל),2026-03-25 10:58:47,16.1
2026-03-25 10:51:56,"מבזק פיקוד העורף - התרעה מקדימה  (25/03/2026 10:51)  בעקבות זיהוי שיגורים, בדקות הקרובות צפויות להתקבל התרעות באזורים דן, ירקון, השפלה, שרון, שומרון לרשימת הישובים המלאה  צופר - צבע אדום",אמת (צבע אדום הופעל),2026-03-25 10:58:47,6.8
2026-03-25 11:16:27,"מבזק פיקוד העורף - התרעה מקדימה  (25/03/2026 11:16)  בעקבות זיהוי שיגורים, בדקות הקרובות צפויות להתקבל התרעות באזורים דן, ירקון, השפלה, שומרון, שרון, שפלת יהודה, לכיש לרשימת הישובים המלאה  צופר - צבע אדום",אמת (צבע אדום הופעל),2026-03-25 11:20:33,4.1
2026-03-26 06:49:12,"מבזק פיקוד העורף - התרעה מקדימה  (26/03/2026 06:49)  בעקבות זיהוי שיגורים, בדקות הקרובות צפויות להתקבל התרעות באזורים שומרון, דן, ירקון, השפלה, בקעה, שפלת יהודה, לכיש, ירושלים לרשימת הישובים המלאה  צופר - צבע אדום",אמת (צבע אדום הופעל),2026-03-26 07:17:22,28.2
2026-03-26 07:12:10,"מבזק פיקוד העורף - התרעה מקדימה  (26/03/2026 07:12)  בעקבות זיהוי שיגורים, בדקות הקרובות צפויות להתקבל התרעות באזורים שומרון, דן, ירקון, השפלה, שרון, בקעה, ירושלים לרשימת הישובים המלאה  צופר - צבע אדום",אמת (צבע אדום הופעל),2026-03-26 07:17:22,5.2
2026-03-26 08:21:08,"מבזק פיקוד העורף - התרעה מקדימה  (26/03/2026 08:21)  בעקבות זיהוי שיגורים, בדקות הקרובות צפויות להתקבל התרעות באזורים דן, ירקון, השפלה, שומרון, ירושלים, שפלת יהודה, לכיש, שרון, בקעה, מערב לכיש לרשימת הישובים המלאה  צופר - צבע אדום",זבל (לא הופעל צבע אדום),,
2026-03-26 08:54:56,"מבזק פיקוד העורף - התרעה מקדימה  (26/03/2026 08:54)  בעקבות זיהוי שיגורים, בדקות הקרובות צפויות להתקבל התרעות באזורים שפלת יהודה, לכיש, יהודה, ים המלח, שומרון, ירושלים, דן, ירקון, השפלה, בקעה, מערב לכיש לרשימת הישובים המלאה  צופר - צבע אדום",זבל (לא הופעל צבע אדום),,
2026-03-26 10:34:31,"מבזק פיקוד העורף - התרעה מקדימה  (26/03/2026 10:34)  בעקבות זיהוי שיגורים, בדקות הקרובות צפויות להתקבל התרעות באזורים דן, ירקון, השפלה, שרון, שומרון, בקעה, ואדי ערה, מנשה לרשימת הישובים המלאה  צופר - צבע אדום",אמת (צבע אדום הופעל),2026-03-26 10:39:27,4.9
2026-03-26 10:53:52,"מבזק פיקוד העורף - התרעה מקדימה  (26/03/2026 10:53)  בעקבות זיהוי שיגורים, בדקות הקרובות צפויות להתקבל התרעות באזורים שומרון, שרון, דן, ירקון, השפלה, בקעה, ירושלים, שפלת יהודה, לכיש לרשימת הישובים המלאה  צופר - צבע אדום",אמת (צבע אדום הופעל),2026-03-26 11:00:15,6.4
2026-03-26 13:17:40,"מבזק פיקוד העורף - התרעה מקדימה  (26/03/2026 13:17)  בעקבות זיהוי שיגורים, בדקות הקרובות צפויות להתקבל התרעות באזורים ירושלים, שפלת יהודה, לכיש, שומרון, שרון, בקעה, דן, ירקון, השפלה לרשימת הישובים המלאה  צופר - צבע אדום",אמת (צבע אדום הופעל),2026-03-26 13:25:50,8.2
2026-03-26 17:03:14,"מבזק פיקוד העורף - התרעה מקדימה  (26/03/2026 17:03)  בעקבות זיהוי שיגורים, בדקות הקרובות צפויות להתקבל התרעות באזורים דן, ירקון, השפלה, שומרון, שרון, בקעה, ואדי ערה, מנשה לרשימת הישובים המלאה  צופר - צבע אדום",אמת (צבע אדום הופעל),2026-03-26 17:08:43,5.5
2026-03-26 17:42:49,"מבזק פיקוד העורף - התרעה מקדימה  (26/03/2026 17:42)  בעקבות זיהוי שיגורים, בדקות הקרובות צפויות להתקבל התרעות באזורים מערב לכיש, ירושלים, בקעה, שומרון, שפלת יהודה, לכיש, דן, ירקון, השפלה לרשימת הישובים המלאה  צופר - צבע אדום",זבל (לא הופעל צבע אדום),,
2026-03-27 01:40:33,"מבזק פיקוד העורף - התרעה מקדימה  (27/03/2026 01:40)  בעקבות זיהוי שיגורים, בדקות הקרובות צפויות להתקבל התרעות באזורים דן, ירקון, השפלה, שומרון, שרון, לכיש, שפלת יהודה לרשימת הישובים המלאה  צופר - צבע אדום",אמת (צבע אדום הופעל),2026-03-27 01:48:00,7.5
2026-03-27 13:24:32,"מבזק פיקוד העורף - התרעה מקדימה  (27/03/2026 13:24)  בעקבות זיהוי שיגורים, בדקות הקרובות צפויות להתקבל התרעות באזורים שפלת יהודה, לכיש, דן, ירקון, השפלה, ירושלים, יהודה, ים המלח, בקעה, שומרון לרשימת הישובים המלאה  צופר - צבע אדום",זבל (לא הופעל צבע אדום),,
2026-03-27 14:15:52,"מבזק פיקוד העורף - התרעה מקדימה  (27/03/2026 14:15)  בעקבות זיהוי שיגורים, בדקות הקרובות צפויות להתקבל התרעות באזורים שומרון, שרון, דן, ירקון, השפלה, שפלת יהודה, לכיש, מרכז הנגב, מערב הנגב, עוטף עזה, יהודה, ים המלח לרשימת הישובים המלאה  צופר - צבע אדום",אמת (צבע אדום הופעל),2026-03-27 14:20:22,4.5
2026-03-27 23:33:23,"מבזק פיקוד העורף - התרעה מקדימה  (27/03/2026 23:33)  בעקבות זיהוי שיגורים, בדקות הקרובות צפויות להתקבל התרעות באזורים יהודה, ים המלח, מערב לכיש, בקעה, ירושלים, שומרון, דן, ירקון, השפלה, שפלת יהודה, לכיש, שרון לרשימת הישובים המלאה  צופר - צבע אדום",אמת (צבע אדום הופעל),2026-03-27 23:41:01,7.6
2026-03-28 06:12:40,"מבזק פיקוד העורף - התרעה מקדימה  (28/03/2026 06:12)  בעקבות זיהוי שיגורים, בדקות הקרובות צפויות להתקבל התרעות באזורים שומרון, שרון, דן, ירקון, השפלה, בקעה לרשימת הישובים המלאה  צופר - צבע אדום",אמת (צבע אדום הופעל),2026-03-28 06:19:10,6.5
2026-03-28 14:18:23,"מבזק פיקוד העורף - התרעה מקדימה  (28/03/2026 14:18)  בעקבות זיהוי שיגורים, בדקות הקרובות צפויות להתקבל התרעות באזורים שפלת יהודה, לכיש, יהודה, ים המלח, שומרון, דן, ירקון, השפלה, ירושלים, מערב לכיש, בקעה, דרום הנגב, מרכז הנגב, מערב הנגב, ערבה לרשימת הישובים המלאה  צופר - צבע אדום",זבל (לא הופעל צבע אדום),,
2026-03-29 13:22:13,"מבזק פיקוד העורף - התרעה מקדימה  (29/03/2026 13:22)  בעקבות זיהוי שיגורים, בדקות הקרובות צפויות להתקבל התרעות באזורים ירושלים, יהודה, ים המלח, לכיש, שפלת יהודה, בקעה, שומרון, דן, ירקון, השפלה לרשימת הישובים המלאה  צופר - צבע אדום",זבל (לא הופעל צבע אדום),,
2026-03-29 15:36:08,"מבזק פיקוד העורף - התרעה מקדימה  (29/03/2026 15:36)  בעקבות זיהוי שיגורים, בדקות הקרובות צפויות להתקבל התרעות באזורים יהודה, לכיש, שפלת יהודה, ים המלח, ירושלים, דן, ירקון, השפלה, בקעה, שומרון לרשימת הישובים המלאה  צופר - צבע אדום",זבל (לא הופעל צבע אדום),,
2026-03-30 21:00:23,"מבזק פיקוד העורף - התרעה מקדימה  (30/03/2026 21:00)  בעקבות זיהוי שיגורים, בדקות הקרובות צפויות להתקבל התרעות באזורים דן, ירקון, השפלה, שרון, שומרון, בקעה לרשימת הישובים המלאה  צופר - צבע אדום",אמת (צבע אדום הופעל),2026-03-30 21:05:35,5.2
2026-03-30 21:28:31,"מבזק פיקוד העורף - התרעה מקדימה  (30/03/2026 21:28)  בעקבות זיהוי שיגורים, בדקות הקרובות צפויות להתקבל התרעות באזורים שומרון, דן, ירקון, השפלה, שרון, בקעה לרשימת הישובים המלאה  צופר - צבע אדום",אמת (צבע אדום הופעל),2026-03-30 21:34:13,5.7
2026-03-31 05:29:29,"מבזק פיקוד העורף - התרעה מקדימה  (31/03/2026 05:29)  בעקבות זיהוי שיגורים, בדקות הקרובות צפויות להתקבל התרעות באזורים ירושלים, יהודה, ים המלח, לכיש, שפלת יהודה, שומרון, בקעה, דן, ירקון, השפלה, מערב לכיש לרשימת הישובים המלאה  צופר - צבע אדום",זבל (לא הופעל צבע אדום),,
2026-03-31 09:25:52,"מבזק פיקוד העורף - התרעה מקדימה  (31/03/2026 09:25)  בעקבות זיהוי שיגורים, בדקות הקרובות צפויות להתקבל התרעות באזורים שומרון, דן, ירקון, השפלה, שרון לרשימת הישובים המלאה  צופר - צבע אדום",אמת (צבע אדום הופעל),2026-03-31 09:32:20,6.5
2026-03-31 10:59:07,"מבזק פיקוד העורף - התרעה מקדימה  (31/03/2026 10:59)  בעקבות זיהוי שיגורים, בדקות הקרובות צפויות להתקבל התרעות באזורים שומרון, דן, ירקון, השפלה, שרון, בקעה לרשימת הישובים המלאה  צופר - צבע אדום",זבל (לא הופעל צבע אדום),,
2026-04-01 07:48:12,"מבזק פיקוד העורף - התרעה מקדימה  (01/04/2026 07:48)  בעקבות זיהוי שיגורים, בדקות הקרובות צפויות להתקבל התרעות באזורים דן, ירקון, שרון, שומרון, השפלה, לכיש, שפלת יהודה לרשימת הישובים המלאה  צופר - צבע אדום",אמת (צבע אדום הופעל),2026-04-01 07:53:33,5.3
2026-04-01 08:30:37,"מבזק פיקוד העורף - התרעה מקדימה  (01/04/2026 08:30)  בעקבות זיהוי שיגורים, בדקות הקרובות צפויות להתקבל התרעות באזורים מרכז הנגב, מערב הנגב, דרום הנגב, ערבה, ים המלח, יהודה, בקעת בית שאן, העמקים, מרכז הגליל, גליל תחתון, גליל עליון, דרום הגולן, צפון הגולן, דן, השפלה, ירקון, שרון, שומרון, לכיש, שפלת יהודה לרשימת הישובים המלאה  צופר - צבע אדום",אמת (צבע אדום הופעל),2026-04-01 08:38:13,7.6
2026-04-01 09:00:41,"מבזק פיקוד העורף - התרעה מקדימה  (01/04/2026 09:00)  בעקבות זיהוי שיגורים, בדקות הקרובות צפויות להתקבל התרעות באזורים דן, ירקון, השפלה, שומרון, שרון, לכיש, שפלת יהודה לרשימת הישובים המלאה  צופר - צבע אדום",אמת (צבע אדום הופעל),2026-04-01 09:07:40,7.0
2026-04-01 09:44:57,"מבזק פיקוד העורף - התרעה מקדימה  (01/04/2026 09:44)  בעקבות זיהוי שיגורים, בדקות הקרובות צפויות להתקבל התרעות באזורים דן, ירקון, השפלה, שומרון, שרון לרשימת הישובים המלאה  צופר - צבע אדום",אמת (צבע אדום הופעל),2026-04-01 09:52:02,7.1
2026-04-01 17:17:42,"מבזק פיקוד העורף - התרעה מקדימה  (01/04/2026 17:17)  בעקבות זיהוי שיגורים, בדקות הקרובות צפויות להתקבל התרעות באזורים שומרון, דן, ירקון, השפלה, שרון, בקעה, ירושלים, לכיש, שפלת יהודה לרשימת הישובים המלאה  צופר - צבע אדום",אמת (צבע אדום הופעל),2026-04-01 17:27:22,9.7
2026-04-01 18:03:52,"מבזק פיקוד העורף - התרעה מקדימה  (01/04/2026 18:03)  בעקבות זיהוי שיגורים, בדקות הקרובות צפויות להתקבל התרעות באזורים שומרון, דן, ירקון, השפלה, לכיש, שפלת יהודה, ירושלים, שרון, בקעה, ואדי ערה, מנשה, המפרץ, הכרמל לרשימת הישובים המלאה  צופר - צבע אדום",אמת (צבע אדום הופעל),2026-04-01 18:06:48,2.9
2026-04-02 01:35:24,"מבזק פיקוד העורף - התרעה מקדימה  (02/04/2026 01:35)  בעקבות זיהוי שיגורים, בדקות הקרובות צפויות להתקבל התרעות באזורים דן, ירקון, השפלה, שרון, שומרון לרשימת הישובים המלאה  צופר - צבע אדום",אמת (צבע אדום הופעל),2026-04-02 01:41:16,5.9
2026-04-02 03:25:11,"מבזק פיקוד העורף - התרעה מקדימה  (02/04/2026 03:25)  בעקבות זיהוי שיגורים, בדקות הקרובות צפויות להתקבל התרעות באזורים שומרון, דן, ירקון, השפלה, יהודה, ים המלח, לכיש, שפלת יהודה, בקעה, ירושלים, מערב לכיש, המפרץ, הכרמל, קו העימות, העמקים, מרכז הגליל, גליל תחתון, גליל עליון, דרום הגולן לרשימת הישובים המלאה  צופר - צבע אדום",זבל (לא הופעל צבע אדום),,
2026-04-02 17:47:26,"מבזק פיקוד העורף - התרעה מקדימה  (02/04/2026 17:47)  בעקבות זיהוי שיגורים, בדקות הקרובות צפויות להתקבל התרעות באזורים ירושלים, ים המלח, יהודה, שומרון, בקעה, שפלת יהודה, דן לרשימת הישובים המלאה  צופר - צבע אדום",זבל (לא הופעל צבע אדום),,
2026-04-02 19:24:01,"מבזק פיקוד העורף - התרעה מקדימה  (02/04/2026 19:24)  בעקבות זיהוי שיגורים, בדקות הקרובות צפויות להתקבל התרעות באזורים דן, ירקון, שומרון, השפלה, שרון, בקעה, בקעת בית שאן לרשימת הישובים המלאה  צופר - צבע אדום",אמת (צבע אדום הופעל),2026-04-02 19:29:21,5.3
2026-04-02 19:45:12,"מבזק פיקוד העורף - התרעה מקדימה  (02/04/2026 19:45)  בעקבות זיהוי שיגורים, בדקות הקרובות צפויות להתקבל התרעות באזורים דרום הנגב, ערבה, ים המלח, יהודה, ירושלים, לכיש, שפלת יהודה, מערב לכיש, שומרון, השפלה, ירקון, דן, שרון, בקעה לרשימת הישובים המלאה  צופר - צבע אדום",זבל (לא הופעל צבע אדום),,
2026-04-03 03:08:28,"מבזק פיקוד העורף - התרעה מקדימה  (03/04/2026 03:08)  בעקבות זיהוי שיגורים, בדקות הקרובות צפויות להתקבל התרעות באזורים דן, ירקון, השפלה, שומרון, שרון לרשימת הישובים המלאה  צופר - צבע אדום",אמת (צבע אדום הופעל),2026-04-03 03:15:06,6.6
2026-04-03 16:09:14,"מבזק פיקוד העורף - התרעה מקדימה  (03/04/2026 16:09)  בעקבות זיהוי שיגורים, בדקות הקרובות צפויות להתקבל התרעות באזורים שרון, שומרון, דן, ירקון, השפלה, בקעה, לכיש, שפלת יהודה לרשימת הישובים המלאה  צופר - צבע אדום",אמת (צבע אדום הופעל),2026-04-03 16:14:08,4.9
2026-04-04 01:57:17,"מבזק פיקוד העורף - התרעה מקדימה  (04/04/2026 01:57)  בעקבות זיהוי שיגורים, בדקות הקרובות צפויות להתקבל התרעות באזורים דן, ירקון, השפלה, שרון, שומרון, לכיש, שפלת יהודה לרשימת הישובים המלאה  צופר - צבע אדום",אמת (צבע אדום הופעל),2026-04-04 02:00:46,3.5
2026-04-04 11:44:57,"מבזק פיקוד העורף - התרעה מקדימה  (04/04/2026 11:44)  בעקבות זיהוי שיגורים, בדקות הקרובות צפויות להתקבל התרעות באזורים שומרון, שרון, דן, ירקון, השפלה, לכיש לרשימת הישובים המלאה  צופר - צבע אדום",אמת (צבע אדום הופעל),2026-04-04 11:50:36,5.7
2026-04-04 14:51:44,"מבזק פיקוד העורף - התרעה מקדימה  (04/04/2026 14:51)  בעקבות זיהוי שיגורים, בדקות הקרובות צפויות להתקבל התרעות באזורים שומרון, שרון, דן, ירקון, השפלה, לכיש, בקעה לרשימת הישובים המלאה  צופר - צבע אדום",אמת (צבע אדום הופעל),2026-04-04 14:55:43,4.0
